success, Ukraine, UA, 26, Ivano-Frankivsk Oblast, Ivano-Frankivsk, 76011, 48.9171, 24.7158, Europe/Kyiv, FOP Polischuk, SF NetGroup-Service, AS212463 FOP Polischyk O.V, 95.47.59.239
success, Germany, DE, BY, Bavaria, Gunzenhausen, 91710, 49.1156, 10.7511, Europe/Berlin, Hetzner Online GmbH, Hetzner, AS24940 Hetzner Online GmbH, 23.88.115.130
success, Ukraine, UA, 26, Ivano-Frankivsk Oblast, Ivano-Frankivsk, 76018, 48.9171, 24.7158, Europe/Kyiv, FOP Polischuk, SF NetGroup-Service, AS212463 FOP Polischyk O.V, 95.47.59.250
success, Ukraine, UA, 32, Kyiv Oblast, Kaharlyk, 09201, 49.8639, 30.8339, Europe/Kyiv, Ukrainian Telecommunication Group LLC, Ukrainian Telecommunication Group LLC, AS50581 Ukrainian Telecommunication Group LLC, 31.43.62.35
success, Ukraine, UA, 46, Lviv Oblast, Lviv, 79034, 49.839, 24.0191, Europe/Kyiv, "PC ""Astra-net""", "PC ""Astra-net""", "AS49824 PC ""Astra-net""", 91.245.79.60
success, Ukraine, UA, 30, Kyiv City, Kyiv, 01011, 50.458, 30.5303, Europe/Kyiv, PE Ivanov Vitaliy Sergeevich, Proline IT Ltd, AS48031 PE Ivanov Vitaliy Sergeevich, 217.198.181.91
success, Ukraine, UA, 30, Kyiv City, Kyiv, 01011, 50.458, 30.5303, Europe/Kyiv, PE Ivanov Vitaliy Sergeevich, Proline IT Ltd, AS48031 PE Ivanov Vitaliy Sergeevich, 217.198.181.91
success, Ukraine, UA, 26, Ivano-Frankivsk Oblast, Ivano-Frankivsk, 76018, 48.9171, 24.7158, Europe/Kyiv, FOP Polischuk, SF NetGroup-Service, AS212463 FOP Polischyk O.V, 95.47.59.250
success, Ukraine, UA, 30, Kyiv City, Kyiv, 01011, 50.458, 30.5303, Europe/Kyiv, PE Ivanov Vitaliy Sergeevich, Proline IT Ltd, AS48031 PE Ivanov Vitaliy Sergeevich, 194.107.92.124
success, Ukraine, UA, 30, Kyiv City, Kyiv, 01011, 50.458, 30.5303, Europe/Kyiv, PE Ivanov Vitaliy Sergeevich, Proline IT Ltd, AS48031 PE Ivanov Vitaliy Sergeevich, 217.198.181.91
success, Kazakhstan, KZ, AST, Astana, Astana, , 51.1879, 71.4332, Asia/Almaty, Tele2 AB, Mobile Services, AS48503 Mobile Telecom-Service LLP, 212.96.71.52
success, Kazakhstan, KZ, MAN, Mangistauskaya Oblast', Aktau, , 43.6422, 51.1668, Asia/Aqtau, Kcell JSC, """KCell"" JSC", AS29355 Kcell JSC, 2.79.113.81
success, Kazakhstan, KZ, VOS, East Kazakhstan, Ust-Kamenogorsk, , 49.9713, 82.6103, Asia/Almaty, Kar-Tel LLC, Kartel Gprs, AS206026 Kar-Tel LLC, 89.43.21.100
success, Kazakhstan, KZ, ATY, Atyrau Oblysy, Atyrau, , 47.1169, 51.8853, Asia/Atyrau, Customers 2DayTelecom, , AS21299 Kar-Tel LLC, 145.249.205.89
success, Ukraine, UA, 46, Lviv Oblast, Lviv, 79034, 49.839, 24.0191, Europe/Kyiv, "PC ""Astra-net""", "PC ""Astra-net""", "AS49824 PC ""Astra-net""", 91.245.79.60
success, Ukraine, UA, 26, Ivano-Frankivsk Oblast, Ivano-Frankivsk, 76018, 48.9171, 24.7158, Europe/Kyiv, FOP Polischuk, SF NetGroup-Service, AS212463 FOP Polischyk O.V, 95.47.59.250
success, Ukraine, UA, 26, Ivano-Frankivsk Oblast, Ivano-Frankivsk, 76018, 48.9171, 24.7158, Europe/Kyiv, FOP Polischuk, SF NetGroup-Service, AS212463 FOP Polischyk O.V, 95.47.59.250
success, Ukraine, UA, 26, Ivano-Frankivsk Oblast, Ivano-Frankivsk, 76018, 48.9171, 24.7158, Europe/Kyiv, FOP Polischuk, SF NetGroup-Service, AS212463 FOP Polischyk O.V, 95.47.59.250
success, Ukraine, UA, 26, Ivano-Frankivsk Oblast, Ivano-Frankivsk, 76018, 48.9171, 24.7158, Europe/Kyiv, FOP Polischuk, SF NetGroup-Service, AS212463 FOP Polischyk O.V, 95.47.59.250
success, Ukraine, UA, 32, Kyiv Oblast, Kaharlyk, 09201, 49.8639, 30.8339, Europe/Kyiv, Ukrainian Telecommunication Group LLC, Ukrainian Telecommunication Group LLC, AS50581 Ukrainian Telecommunication Group LLC, 31.43.62.35
success, Ukraine, UA, 26, Ivano-Frankivsk Oblast, Ivano-Frankivsk, 76018, 48.9171, 24.7158, Europe/Kyiv, FOP Polischuk, SF NetGroup-Service, AS212463 FOP Polischyk O.V, 95.47.59.250
success, Ukraine, UA, 30, Kyiv City, Kyiv, 04210, 50.458, 30.5303, Europe/Kyiv, IPNETUA, , AS25521 PJSC Industrial Media Network, 82.193.120.97
success, Ukraine, UA, 30, Kyiv City, Kyiv, 01011, 50.458, 30.5303, Europe/Kyiv, PE Ivanov Vitaliy Sergeevich, Proline IT Ltd, AS48031 PE Ivanov Vitaliy Sergeevich, 91.247.169.126
success, Ukraine, UA, 63, Kharkiv, Kharkiv, 61098, 49.982, 36.2566, Europe/Kyiv, PE Ivanov Vitaliy Sergeevich, Proline IT Ltd, AS48031 PE Ivanov Vitaliy Sergeevich, 109.107.147.190
success, Kazakhstan, KZ, SHY, Shymkent, Shymkent, , 42.2994, 69.606, Asia/Almaty, Mobile Telecom-Service LLP, Tele2 Kazakhstan, AS48503 Mobile Telecom-Service LLP, 85.193.110.62
success, Mongolia, MN, 1, Ulaanbaatar Hot, Ulan Bator, , 47.9173, 106.9177, Asia/Ulaanbaatar, Univision LLC, , AS17882 Univision LLC, 66.181.160.110
success, Kazakhstan, KZ, KZY, Qyzylorda Oblysy, Kyzylorda, , 44.8496, 65.5155, Asia/Qyzylorda, Kar-Tel LLC, Kar-Tel LLC, AS206026 Kar-Tel LLC, 95.82.116.164
success, Kazakhstan, KZ, VOS, East Kazakhstan, Ust-Kamenogorsk, , 49.9713, 82.6103, Asia/Almaty, Kar-Tel LLC, Kartel Gprs, AS206026 Kar-Tel LLC, 89.43.21.132
success, Kazakhstan, KZ, SHY, Shymkent, Shymkent, 160000, 42.3417, 69.5901, Asia/Almaty, Kcell JSC, """KCell"" JSC", AS29355 Kcell JSC, 149.27.83.7
success, Kazakhstan, KZ, SHY, Shymkent, Shymkent, 160000, 42.3417, 69.5901, Asia/Almaty, Kcell JSC, """KCell"" JSC", AS29355 Kcell JSC, 149.27.83.7
success, Kazakhstan, KZ, ALA, Almaty, Almaty, , 43.2638, 76.9293, Asia/Almaty, Kar-Tel LLC, Kar-Tel LLC, AS206026 Kar-Tel LLC, 95.82.127.148
success, Kazakhstan, KZ, VOS, East Kazakhstan, Ust-Kamenogorsk, , 49.9713, 82.6103, Asia/Almaty, 2Day Telecom LLP, , AS21299 Kar-Tel LLC, 109.201.34.70
success, Kazakhstan, KZ, ALA, Almaty, Almaty, , 43.2638, 76.9293, Asia/Almaty, Mobile Telecom-Service LLP, Tele2 Kazakhstan, AS48503 Mobile Telecom-Service LLP, 176.64.28.1
success, Kazakhstan, KZ, SHY, Shymkent, Shymkent, , 42.2994, 69.606, Asia/Almaty, TNSPLUS-FTTB, , AS21299 Kar-Tel LLC, 5.34.71.73
success, Kazakhstan, KZ, ALA, Almaty, Almaty, , 43.2638, 76.9293, Asia/Almaty, Kar-Tel LLC, Kar-Tel LLC, AS206026 Kar-Tel LLC, 198.45.117.174
success, Kazakhstan, KZ, MAN, Mangistauskaya Oblast', Aktau, , 43.6422, 51.1668, Asia/Aqtau, NLS, , AS200590 NLS Kazakhstan LLC, 188.94.152.6
success, Kazakhstan, KZ, ATY, Atyrau Oblysy, Atyrau, , 47.1169, 51.8853, Asia/Atyrau, Mobile Telecom-Service LLP, Tele2 Kazakhstan, AS48503 Mobile Telecom-Service LLP, 89.223.119.72
success, Kazakhstan, KZ, VOS, East Kazakhstan, Ust-Kamenogorsk, , 49.9713, 82.6103, Asia/Almaty, Mobile Telecom-Service LLP, Tele2 Kazakhstan, AS48503 Mobile Telecom-Service LLP, 81.91.184.38
success, Kazakhstan, KZ, ALA, Almaty, Almaty, , 43.2638, 76.9293, Asia/Almaty, 2Day Telecom LLP, MediaHouse LLP, AS21299 Kar-Tel LLC, 80.241.46.158
success, Kazakhstan, KZ, MAN, Mangistauskaya Oblast', Aktau, , 43.6422, 51.1668, Asia/Aqtau, Customers KarTel, , AS206026 Kar-Tel LLC, 91.215.99.67
success, Kazakhstan, KZ, ALA, Almaty, Almaty, , 43.2638, 76.9293, Asia/Almaty, 2DAY Telecom LLP, , AS21299 Kar-Tel LLC, 37.99.42.64
success, Kazakhstan, KZ, ALA, Almaty, Almaty, , 43.2638, 76.9293, Asia/Almaty, Kar-Tel LLC, Kar-Tel LLC, AS206026 Kar-Tel LLC, 95.82.125.34
success, Ukraine, UA, 30, Kyiv City, Kyiv, 01011, 50.458, 30.5303, Europe/Kyiv, PE Ivanov Vitaliy Sergeevich, Proline IT Ltd, AS48031 PE Ivanov Vitaliy Sergeevich, 93.157.104.237
success, Kazakhstan, KZ, SHY, Shymkent, Shymkent, , 42.2994, 69.606, Asia/Almaty, Mobile Telecom-Service LLP, Tele2 Kazakhstan, AS48503 Mobile Telecom-Service LLP, 85.193.112.3
success, Kazakhstan, KZ, ALA, Almaty, Almaty, , 43.2638, 76.9293, Asia/Almaty, Mobile Telecom-Service LLP, Tele2 Kazakhstan, AS48503 Mobile Telecom-Service LLP, 176.64.34.32
success, Kazakhstan, KZ, SHY, Shymkent, Shymkent, , 42.2994, 69.606, Asia/Almaty, Kar-Tel LLC, Kar-Tel LLC, AS206026 Kar-Tel LLC, 95.82.117.91
success, Kazakhstan, KZ, ATY, Atyrau Oblysy, Atyrau, , 47.1169, 51.8853, Asia/Atyrau, Kcell JSC, """KCell"" JSC", AS29355 Kcell JSC, 2.79.205.19
success, Kazakhstan, KZ, AST, Astana, Astana, , 51.1879, 71.4332, Asia/Almaty, JSC Kazakhtelecom, AO Kasipker, AS9198 JSC Kazakhtelecom, 92.46.71.194
success, Kazakhstan, KZ, ZAP, West Kazakhstan, Oral, , 51.229, 51.3577, Asia/Oral, Kar-Tel LLC, Kartel Gprs, AS206026 Kar-Tel LLC, 89.36.167.121
success, Kazakhstan, KZ, ALA, Almaty, Almaty, , 43.2638, 76.9293, Asia/Almaty, Kcell JSC, """KCell"" JSC", AS29355 Kcell JSC, 2.72.30.95
success, Kazakhstan, KZ, KUS, Qostanay Oblysy, Kostanay, , 53.2123, 63.6281, Asia/Qostanay, Kar-Tel LLC, Kartel Gprs, AS206026 Kar-Tel LLC, 89.42.62.164
success, Kazakhstan, KZ, ALA, Almaty, Almaty, , 43.2638, 76.9293, Asia/Almaty, Mobile Telecom-Service LLP, Tele2 Kazakhstan, AS48503 Mobile Telecom-Service LLP, 176.64.7.188
success, Kazakhstan, KZ, AKT, Aktyubinskaya Oblast', Aktobe, , 50.2962, 57.1763, Asia/Aqtobe, Kar-Tel LLC, Kartel Gprs, AS206026 Kar-Tel LLC, 89.35.253.94
success, Kazakhstan, KZ, SHY, Shymkent, Shymkent, , 42.2994, 69.606, Asia/Almaty, JSC Kazakhtelecom, Kazakhtelecom Data Network Administration, AS9198 JSC Kazakhtelecom, 2.133.87.144
success, Kazakhstan, KZ, ZAP, West Kazakhstan, Oral, , 51.229, 51.3577, Asia/Oral, JSC Kazakhtelecom, Kazakhtelecom Data Network Administration, AS9198 JSC Kazakhtelecom, 2.134.239.73
success, Ukraine, UA, 63, Kharkiv, Kharkiv, 61098, 49.982, 36.2566, Europe/Kyiv, PE Ivanov Vitaliy Sergeevich, Proline IT Ltd, AS48031 PE Ivanov Vitaliy Sergeevich, 109.107.144.230
success, United States, US, CA, California, Santa Clara, 95054, 37.3931, -121.962, America/Los_Angeles, G-Core Labs S.A., G-Core Labs S.A, AS202422 G-Core Labs S.A., 92.38.148.59
success, Kazakhstan, KZ, AST, Astana, Astana, , 51.1879, 71.4332, Asia/Almaty, Kar-Tel LLC, Kar-Tel LLC, AS206026 Kar-Tel LLC, 95.82.64.135
success, Kazakhstan, KZ, VOS, East Kazakhstan, Ust-Kamenogorsk, , 49.9713, 82.6103, Asia/Almaty, JSC Kazakhtelecom, Kazakhtelecom Data Network Administration, AS9198 JSC Kazakhtelecom, 37.150.134.173
success, Sweden, SE, E, Östergötland, Linköping, 58222, 58.4122, 15.6258, Europe/Stockholm, Opera Browser VPN, OperaSoftWerw, AS205016 HERN Labs AB, 77.111.244.10
success, Kazakhstan, KZ, AST, Astana, Astana, , 51.1879, 71.4332, Asia/Almaty, Kar-Tel LLC, Kar-Tel LLC, AS21299 Kar-Tel LLC, 5.188.246.44
success, Kazakhstan, KZ, KAR, Karaganda, Temirtau, , 50.0539, 72.972, Asia/Almaty, Kar-Tel LLC, Kartel Gprs, AS206026 Kar-Tel LLC, 89.43.20.152
success, Kazakhstan, KZ, ATY, Atyrau Oblysy, Atyrau, , 47.1169, 51.8853, Asia/Atyrau, JSC Alma Telecommunications, ALMANET broadband in Atyrau, AS39824 JSC Alma Telecommunications, 213.232.220.59
success, Kazakhstan, KZ, ALA, Almaty, Almaty, , 43.2638, 76.9293, Asia/Almaty, Mobile Telecom-Service LLP, Tele2 Kazakhstan, AS48503 Mobile Telecom-Service LLP, 176.64.13.143
success, Kazakhstan, KZ, AKT, Aktyubinskaya Oblast', Aktobe, , 50.2962, 57.1763, Asia/Aqtobe, Baynur and P Ltd., Baynur, AS59443 Baynur and P Ltd., 95.182.18.90
success, Kazakhstan, KZ, ALA, Almaty, Almaty, , 43.2638, 76.9293, Asia/Almaty, "JSC ""ALTEL""", JSC Altel, AS29555 Mobile Telecom-Service LLP, 85.117.98.168
success, Kazakhstan, KZ, KAR, Karaganda, Karaganda, , 49.8114, 73.0933, Asia/Almaty, Mobile Telecom-Service LLP, Tele2 Kazakhstan, AS48503 Mobile Telecom-Service LLP, 188.124.245.212
success, Kazakhstan, KZ, ALA, Almaty, Almaty, , 43.2638, 76.9293, Asia/Almaty, "JSC ""ALTEL""", JSC Altel, AS29555 Mobile Telecom-Service LLP, 85.117.108.152
success, Kazakhstan, KZ, AKT, Aktyubinskaya Oblast', Aktobe, , 50.2962, 57.1763, Asia/Aqtobe, Kar-Tel LLC, Kartel Gprs, AS206026 Kar-Tel LLC, 89.35.252.210
success, Kazakhstan, KZ, PAV, Pavlodar Region, Pavlodar, , 52.2816, 77.0085, Asia/Almaty, Mobile Telecom-Service LLP, Tele2 Kazakhstan, AS48503 Mobile Telecom-Service LLP, 62.122.106.197
success, Kazakhstan, KZ, ALA, Almaty, Almaty, , 43.2638, 76.9293, Asia/Almaty, JSC AlmaTV broadband, JSC Alma Telecommunications, AS39824 JSC Alma Telecommunications, 62.84.37.196
success, Kazakhstan, KZ, VOS, East Kazakhstan, Ust-Kamenogorsk, , 49.9713, 82.6103, Asia/Almaty, Kar-Tel LLC, Kartel Gprs, AS206026 Kar-Tel LLC, 89.43.164.24
success, Ukraine, UA, 63, Kharkiv, Kharkiv, 61098, 49.982, 36.2566, Europe/Kyiv, PE Ivanov Vitaliy Sergeevich, Proline IT Ltd, AS48031 PE Ivanov Vitaliy Sergeevich, 109.107.144.230
success, Kazakhstan, KZ, KAR, Karaganda, Karaganda, , 49.8114, 73.0933, Asia/Almaty, Mobile Telecom-Service LLP, Tele2 Kazakhstan, AS48503 Mobile Telecom-Service LLP, 188.124.246.243
success, Kazakhstan, KZ, AST, Astana, Astana, , 51.1879, 71.4332, Asia/Almaty, JSC Kazakhtelecom, Kazakhtelecom Data Network Administration, AS9198 JSC Kazakhtelecom, 2.132.81.121
success, Kazakhstan, KZ, AST, Astana, Astana, , 51.1879, 71.4332, Asia/Almaty, JSC Kazakhtelecom, MTNMCKazakhtelecomDSC, AS9198 JSC Kazakhtelecom, 92.46.70.6
success, Ukraine, UA, 30, Kyiv City, Kyiv, 01011, 50.458, 30.5303, Europe/Kyiv, PE Ivanov Vitaliy Sergeevich, Proline IT Ltd, AS48031 PE Ivanov Vitaliy Sergeevich, 93.157.104.237
success, Kazakhstan, KZ, KAR, Karaganda, Karaganda, , 49.8114, 73.0933, Asia/Almaty, Mobile Telecom-Service LLP, Tele2 Kazakhstan, AS48503 Mobile Telecom-Service LLP, 188.124.239.110
success, Kazakhstan, KZ, ALA, Almaty, Almaty, , 43.2638, 76.9293, Asia/Almaty, Kar-Tel LLC, Kar-Tel LLC, AS206026 Kar-Tel LLC, 198.45.117.42
success, Kazakhstan, KZ, KUS, Qostanay Oblysy, Līsakovsk, , 52.5548, 62.5041, Asia/Qostanay, Kar-Tel LLC, Kar-Tel LLC, AS206026 Kar-Tel LLC, 146.0.61.0
success, Ukraine, UA, 30, Kyiv City, Kyiv, 01011, 50.458, 30.5303, Europe/Kyiv, PE Ivanov Vitaliy Sergeevich, Proline IT Ltd, AS48031 PE Ivanov Vitaliy Sergeevich, 217.198.181.29
success, Poland, PL, 14, Mazovia, Warsaw, 00-510, 52.2296, 21.0067, Europe/Warsaw, Datacamp Limited, Cdn77 Warsaw, AS60068 Datacamp Limited, 84.17.55.101
success, Poland, PL, 14, Mazovia, Warsaw, 00-510, 52.2296, 21.0067, Europe/Warsaw, Datacamp Limited, Cdn77 Warsaw, AS60068 Datacamp Limited, 84.17.55.101
success, Poland, PL, 14, Mazovia, Warsaw, 00-510, 52.2296, 21.0067, Europe/Warsaw, Datacamp Limited, Cdn77 Warsaw, AS60068 Datacamp Limited, 84.17.55.101
success, Poland, PL, 14, Mazovia, Warsaw, 00-510, 52.2296, 21.0067, Europe/Warsaw, Datacamp Limited, Cdn77 Warsaw, AS60068 Datacamp Limited, 84.17.55.101
success, Poland, PL, 14, Mazovia, Warsaw, 00-510, 52.2296, 21.0067, Europe/Warsaw, Datacamp Limited, Cdn77 Warsaw, AS60068 Datacamp Limited, 84.17.55.101
success, Poland, PL, 14, Mazovia, Warsaw, 00-510, 52.2296, 21.0067, Europe/Warsaw, Datacamp Limited, Cdn77 Warsaw, AS60068 Datacamp Limited, 84.17.55.122
success, Poland, PL, 14, Mazovia, Warsaw, 00-510, 52.2296, 21.0067, Europe/Warsaw, Datacamp Limited, Cdn77 Warsaw, AS60068 Datacamp Limited, 84.17.55.122
success, Kazakhstan, KZ, ALA, Almaty, Almaty, , 43.2638, 76.9293, Asia/Almaty, JSC Kazakhtelecom, Kazakhtelecom Data Network Administration, AS9198 JSC Kazakhtelecom, 37.150.234.223
success, Poland, PL, 14, Mazovia, Warsaw, 00-510, 52.2296, 21.0067, Europe/Warsaw, Datacamp Limited, Cdn77 Warsaw, AS60068 Datacamp Limited, 84.17.55.122
success, Poland, PL, 14, Mazovia, Warsaw, 00-510, 52.2296, 21.0067, Europe/Warsaw, Datacamp Limited, Cdn77 Warsaw, AS60068 Datacamp Limited, 84.17.55.122
success, Kazakhstan, KZ, AKT, Aktyubinskaya Oblast', Aktobe, , 50.2962, 57.1763, Asia/Aqtobe, Mobile Telecom-Service LLP, Tele2 Kazakhstan, AS48503 Mobile Telecom-Service LLP, 185.234.60.96
success, Kazakhstan, KZ, AKT, Aktyubinskaya Oblast', Aktobe, , 50.2962, 57.1763, Asia/Aqtobe, Kar-Tel LLC, Kartel Gprs, AS206026 Kar-Tel LLC, 89.35.255.228
success, Kazakhstan, KZ, PAV, Pavlodar Region, Pavlodar, , 52.2816, 77.0085, Asia/Almaty, JSC Kazakhtelecom, Kazakhtelecom Data Network Administration, AS9198 JSC Kazakhtelecom, 178.89.143.246
success, Kazakhstan, KZ, KUS, Qostanay Oblysy, Kostanay, , 53.2123, 63.6281, Asia/Qostanay, Kar-Tel LLC, Kar-Tel LLC, AS206026 Kar-Tel LLC, 146.0.62.147
success, Kazakhstan, KZ, PAV, Pavlodar Region, Ekibastuz, , 51.7259, 75.3224, Asia/Almaty, Kar-Tel LLC, Kartel Gprs, AS206026 Kar-Tel LLC, 176.223.102.14
success, Kazakhstan, KZ, MAN, Mangistauskaya Oblast', Zhangaözen, , 43.2967, 52.8008, Asia/Aqtau, Spetsavtomatikaservice LLP, Spetsavtomatikaservice LLP, AS211028 Spetsavtomatikaservice LLP, 194.39.108.134
success, Kazakhstan, KZ, AST, Astana, Astana, , 51.1879, 71.4332, Asia/Almaty, BTcom Infocommunications Ltd., BTcom Infocommunications Ltd, AS41124 BTcom Infocommunications Ltd., 93.171.64.246
success, Kazakhstan, KZ, PAV, Pavlodar Region, Ekibastuz, , 51.7259, 75.3224, Asia/Almaty, Kar-Tel LLC, Kartel Gprs, AS206026 Kar-Tel LLC, 176.223.101.134
success, Kazakhstan, KZ, ALA, Almaty, Almaty, , 43.2638, 76.9293, Asia/Almaty, Kar-Tel LLC, Kar-Tel LLC, AS206026 Kar-Tel LLC, 198.45.117.206
